name,iso3166a2,iso3166a3,iso3166numeric,total_cases,active_cases,deaths,recovered,critical,tested,death_ratio,recovery_ratio,change
USA,US,USA,,4010116,2000147,144706,1865263,16604,49733040,0.036085240426960215,0.46513941242597473,"{'total_cases': 64839, 'active_cases': 28678, 'deaths': 1088, 'recovered': 35073, 'death_ratio': -0.0003172732621926633, 'recovery_ratio': 0.0012454957250688237}"
Brazil,BR,BRA,,2129053,527117,80493,1521443,8318,4911063,0.03780694985047343,0.7146102046308852,"{'total_cases': 26494, 'active_cases': -6217, 'deaths': 903, 'recovered': 31808, 'death_ratio': -4.692250221679378e-05, 'recovery_ratio': 0.006123546230336174}"
India,IN,IND,,1194085,412921,28771,752393,8944,14381303,0.02409459963067956,0.6301000347546448,"{'total_cases': 39168, 'active_cases': 10805, 'deaths': 672, 'recovered': 27691, 'death_ratio': -0.00023528727894251908, 'recovery_ratio': 0.002607323157188035}"
Russia,RU,RUS,,783328,208364,12580,562384,2300,25449167,0.01605968381061318,0.7179419093917235,"{'total_cases': 5842, 'active_cases': -3093, 'deaths': 153, 'recovered': 8782, 'death_ratio': 7.611626084379555e-05, 'recovery_ratio': 0.005900792252636733}"
South Africa,ZA,ZAF,,373628,173590,5173,194865,539,2505646,0.01384532208506857,0.5215481709079619,"{'total_cases': 9300, 'active_cases': 5354, 'deaths': 140, 'recovered': 3806, 'death_ratio': 3.0847216269027505e-05, 'recovery_ratio': -0.0028666421176634094}"
Peru,PE,PER,,357681,99216,13384,245081,1303,2084311,0.0374188173260531,0.6851943491546937,"{'total_cases': -11748, 'active_cases': -14301, 'deaths': -573, 'recovered': 3126, 'death_ratio': -0.0003611079099191672, 'recovery_ratio': 0.03025118010191219}"
Mexico,MX,MEX,,349396,46820,39485,263091,3909,827951,0.11300930749064099,0.7529880136006136,"{'total_cases': 0, 'active_cases': -3279, 'deaths': 0, 'recovered': 3279, 'death_ratio': 0, 'recovery_ratio': 0.00938476685480083}"
Chile,CL,CHL,,334683,19190,8677,306816,1728,1432980,0.025926025522658755,0.9167361353878147,"{'total_cases': 1654, 'active_cases': -1214, 'deaths': 44, 'recovered': 2824, 'death_ratio': 3.3581273268176726e-06, 'recovery_ratio': 0.003926740410200136}"
Spain,ES,ESP,,313274,134474,28424,150376,617,6320836,0.09073207479714243,0.4800143005803227,"{'total_cases': 1358, 'active_cases': 1356, 'deaths': 2, 'recovered': 0, 'death_ratio': -0.00038861154148719934, 'recovery_ratio': -0.002089855666872087}"
UK,GB,GBR,,297389,250469,45507,1413,0,0,0.15302179973031954,0.004751352605509955,"{'total_cases': 445, 'active_cases': 335, 'deaths': 110, 'recovered': 0, 'death_ratio': 0.00014112189207393655, 'recovery_ratio': -7.120372559983948e-06}"
Iran,IR,IRN,,278827,21842,14634,242351,3589,2201958,0.05248415684277347,0.8691805312971843,"{'total_cases': 2625, 'active_cases': 132, 'deaths': 229, 'recovered': 2264, 'death_ratio': 0.0003302984347967053, 'recovery_ratio': -6.371747726341415e-05}"
Pakistan,PK,PAK,,266096,52427,5639,208030,1481,1758551,0.02119160002405147,0.781785521014972,"{'total_cases': 1013, 'active_cases': -1128, 'deaths': 40, 'recovered': 2101, 'death_ratio': 6.991360885321221e-05, 'recovery_ratio': 0.004938269399440309}"
Saudi Arabia,SA,SAU,,255825,46009,2557,207259,2184,2784874,0.009995113847356591,0.8101592885761751,"{'total_cases': 2476, 'active_cases': -1558, 'deaths': 34, 'recovered': 4000, 'death_ratio': 3.651918150040026e-05, 'recovery_ratio': 0.007870745893946318}"
Italy,IT,ITA,,244752,12248,35073,197431,49,6305412,0.14330015689350853,0.8066573511145977,"{'total_cases': 128, 'active_cases': -156, 'deaths': 15, 'recovered': 269, 'death_ratio': -1.3663500238597637e-05, 'recovery_ratio': 0.0006775617235321718}"
Turkey,TR,TUR,,221500,11963,5526,204011,1246,4359627,0.024948081264108354,0.9210428893905191,"{'total_cases': 928, 'active_cases': -99, 'deaths': 18, 'recovered': 1009, 'death_ratio': -2.3356633720925113e-05, 'recovery_ratio': 0.000699418777748706}"
France,FR,FRA,,214607,104578,30168,79861,455,2841473,0.1405732338646922,0.37212672466415353,"{'total_cases': 584, 'active_cases': 403, 'deaths': -12, 'recovered': 193, 'death_ratio': -0.00043964792838610545, 'recovery_ratio': -0.00011364202540786739}"
Bangladesh,BD,BGD,,210510,92404,2709,115397,1,1054559,0.012868747327917913,0.5481782338131205,"{'total_cases': 3057, 'active_cases': 1175, 'deaths': 41, 'recovered': 1841, 'death_ratio': 8.002966544493756e-06, 'recovery_ratio': 0.0007964172088775756}"
Colombia,CO,COL,,204005,101272,6929,95804,1456,1236569,0.033964853802602876,0.4696159407857651,"{'total_cases': 6727, 'active_cases': 2523, 'deaths': 193, 'recovered': 4011, 'death_ratio': -0.00017985569364100534, 'recovery_ratio': 0.004318239065350227}"
Germany,DE,DEU,,203846,6445,9180,188221,264,6884614,0.04503399625207264,0.9233489987539614,"{'total_cases': 512, 'active_cases': 349, 'deaths': 12, 'recovered': 151, 'death_ratio': -5.438050734782318e-05, 'recovery_ratio': -0.001582394913600349}"
Argentina,AR,ARG,,130774,72488,2373,55913,752,552306,0.018145808799914356,0.42755440683928,"{'total_cases': 4019, 'active_cases': 3927, 'deaths': 92, 'recovered': 0, 'death_ratio': 0.00015046344864616187, 'recovery_ratio': -0.013556397468242387}"
Canada,CA,CAN,,113005,5106,8902,98997,2183,3573630,0.0787752754302907,0.8760408831467634,"{'total_cases': 587, 'active_cases': 349, 'deaths': 3, 'recovered': 235, 'death_ratio': -0.00038464557880037165, 'recovery_ratio': -0.0024839082567484905}"
Qatar,QA,QAT,,107430,3079,160,104191,119,451168,0.0014893418970492415,0.9698501349716094,"{'total_cases': 393, 'active_cases': -17, 'deaths': 1, 'recovered': 409, 'death_ratio': 3.874255018915555e-06, 'recovery_ratio': 0.00026018009619255267}"
Iraq,IQ,IRQ,,97159,28259,3950,64950,431,809522,0.04065500880000823,0.668491853559629,"{'total_cases': 2466, 'active_cases': 271, 'deaths': 81, 'recovered': 2114, 'death_ratio': -0.0002033439821403915, 'recovery_ratio': 0.004915876454668844}"
Indonesia,ID,IDN,,89869,37083,4320,48466,0,1257807,0.0480699685097197,0.5392960865259433,"{'total_cases': 1655, 'active_cases': 85, 'deaths': 81, 'recovered': 1489, 'death_ratio': 1.6371574992790627e-05, 'recovery_ratio': 0.006761568195519541}"
Egypt,EG,EGY,,88402,55126,4352,28924,41,135000,0.04922965543765978,0.32718716771113776,"{'total_cases': 0, 'active_cases': 0, 'deaths': 0, 'recovered': 0, 'death_ratio': 0, 'recovery_ratio': 0}"
China,CN,CHN,,85314,652,4644,80018,7,90410000,0.054434207750193406,0.9379234357784185,"{'total_cases': 0, 'active_cases': 0, 'deaths': 0, 'recovered': 0, 'death_ratio': 0, 'recovery_ratio': 0}"
Sweden,SE,SWE,,78166,72520,5646,0,58,681820,0.07223089322723435,0,"{'total_cases': 118, 'active_cases': 111, 'deaths': 7, 'recovered': 0, 'death_ratio': -1.9516776865693974e-05, 'recovery_ratio': 0}"
Ecuador,EC,ECU,,74620,37347,5318,31955,342,204162,0.07126775663361029,0.42823639774859285,"{'total_cases': 0, 'active_cases': 0, 'deaths': 0, 'recovered': 0, 'death_ratio': 0, 'recovery_ratio': 0}"
Kazakhstan,KZ,KAZ,,73468,27507,585,45376,221,1791293,0.007962650405618773,0.6176294441117222,"{'total_cases': 1630, 'active_cases': -927, 'deaths': 210, 'recovered': 2347, 'death_ratio': 0.002742571895637983, 'recovery_ratio': 0.01865675556248636}"
Philippines,PH,PHL,,70764,45646,1837,23281,351,1190937,0.02595952744333277,0.3289949691933752,"{'total_cases': 1866, 'active_cases': 1655, 'deaths': 2, 'recovered': 209, 'death_ratio': -0.0006740468258767882, 'recovery_ratio': -0.005876870337525597}"
Oman,OM,OMN,,69887,22942,337,46608,169,279446,0.00482206991285933,0.6669051468799634,"{'total_cases': 1487, 'active_cases': 18, 'deaths': 11, 'recovered': 1458, 'death_ratio': 5.598804151430055e-05, 'recovery_ratio': 0.006817427581717772}"
Belarus,BY,BLR,,66348,7249,507,58592,89,1202214,0.007641526496654006,0.883101223850003,"{'total_cases': 135, 'active_cases': -171, 'deaths': 4, 'recovered': 302, 'death_ratio': 4.483098368827411e-05, 'recovery_ratio': 0.0027605052599980473}"
Belgium,BE,BEL,,64094,36968,9805,17321,36,1444885,0.15297843791930602,0.2702437045589291,"{'total_cases': 201, 'active_cases': 164, 'deaths': 5, 'recovered': 32, 'death_ratio': -0.000402996666642369, 'recovery_ratio': -0.00034931815091393537}"
Ukraine,UA,UKR,,61454,26731,1537,33186,89,894393,0.025010577016955773,0.5400136687603736,"{'total_cases': 687, 'active_cases': -122, 'deaths': 20, 'recovered': 789, 'death_ratio': 4.636947009645925e-05, 'recovery_ratio': 0.006878908117261329}"
Bolivia,BO,BOL,,60991,39898,2218,18875,71,132254,0.03636602121624502,0.3094718892951419,"{'total_cases': 1409, 'active_cases': 1020, 'deaths': 67, 'recovered': 322, 'death_ratio': 0.00026451404965108227, 'recovery_ratio': -0.0019140997619558897}"
Kuwait,KW,KWT,,60434,9103,412,50919,127,466861,0.006817354469338452,0.8425555151073899,"{'total_cases': 671, 'active_cases': 87, 'deaths': 4, 'recovered': 580, 'death_ratio': -9.612048406640664e-06, 'recovery_ratio': 0.00024505545844322185}"
United Arab Emirates,AE,ARE,,57498,7193,341,49964,0,0,0.005930641065776201,0.868969355455842,"{'total_cases': 305, 'active_cases': -39, 'deaths': 1, 'recovered': 343, 'death_ratio': -1.414238674421215e-05, 'recovery_ratio': 0.0013631798749141888}"
Dominican Republic,DO,DOM,,54797,27822,999,25976,244,216481,0.01823092505064146,0.47404054966512765,"{'total_cases': 841, 'active_cases': 420, 'deaths': 6, 'recovered': 415, 'death_ratio': -0.00017295959610774334, 'recovery_ratio': 0.0003026891862188963}"
Panama,PA,PAN,,54426,24135,1127,29164,175,189941,0.02070701502958145,0.5358468379083526,"{'total_cases': 958, 'active_cases': 245, 'deaths': 31, 'recovered': 682, 'death_ratio': 0.00020877309047768675, 'recovery_ratio': 0.0031543863485411494}"
Israel,IL,ISR,,54042,30874,425,22743,256,1503999,0.007864253728581475,0.4208393471744199,"{'total_cases': 2039, 'active_cases': 1440, 'deaths': 10, 'recovered': 589, 'death_ratio': -0.00011605509975535187, 'recovery_ratio': -0.005174536639975413}"
Netherlands,NL,NLD,,52305,39801,6155,6349,16,851885,0.11767517445750884,0.12138418889207533,"{'total_cases': 163, 'active_cases': 163, 'deaths': 0, 'recovered': 0, 'death_ratio': -0.00036786186637592644, 'recovery_ratio': -0.0003794565377125553}"
Portugal,PT,PRT,,48898,13432,1697,33769,62,1480458,0.03470489590576302,0.6906008425702482,"{'total_cases': 127, 'active_cases': -101, 'deaths': 6, 'recovered': 222, 'death_ratio': 3.265215435337143e-05, 'recovery_ratio': 0.0027535562730633956}"
Singapore,SG,SGP,,48434,3823,27,44584,0,1009532,0.000557459635793038,0.9205103852665483,"{'total_cases': 399, 'active_cases': 186, 'deaths': 0, 'recovered': 213, 'death_ratio': -4.630506811313011e-06, 'recovery_ratio': -0.003211900566698289}"
Poland,PL,POL,,40782,8375,1636,30771,73,1971736,0.040115737335098815,0.7545240547300279,"{'total_cases': 399, 'active_cases': 158, 'deaths': 9, 'recovered': 232, 'death_ratio': -0.0001734932817449089, 'recovery_ratio': -0.0017100041561370904}"
Guatemala,GT,GTM,,40229,12013,1531,26685,5,125082,0.03805712297099108,0.6633274503467648,"{'total_cases': 1552, 'active_cases': -1814, 'deaths': 46, 'recovered': 3320, 'death_ratio': -0.00033778873363957823, 'recovery_ratio': 0.059221651034512046}"
Romania,RO,ROU,,39133,12605,2074,24454,297,984396,0.05299874785986252,0.6248945902435284,"{'total_cases': 994, 'active_cases': -749, 'deaths': 36, 'recovered': 1707, 'death_ratio': -0.00043736740272957986, 'recovery_ratio': 0.02847098186365482}"
Nigeria,NG,NGA,,37225,21091,801,15333,7,214228,0.021517797179314978,0.41190060443250504,"{'total_cases': 562, 'active_cases': 322, 'deaths': 12, 'recovered': 228, 'death_ratio': -2.5366722519980234e-06, 'recovery_ratio': -9.514059654330831e-05}"
Bahrain,BH,BHR,,36936,3843,128,32965,46,735492,0.0034654537578514186,0.8924897119341564,"{'total_cases': 514, 'active_cases': -79, 'deaths': 0, 'recovered': 593, 'death_ratio': -4.890569522639134e-05, 'recovery_ratio': 0.003686241504196497}"
Afghanistan,AF,AFG,,35615,10688,1186,23741,31,84202,0.03330057560016847,0.6666011512003369,"{'total_cases': 89, 'active_cases': 88, 'deaths': 1, 'recovered': 0, 'death_ratio': -5.527645184977281e-05, 'recovery_ratio': -0.0016699741726293738}"
Armenia,AM,ARM,,35254,10386,662,24206,10,148180,0.01877801100584331,0.6866171214613944,"{'total_cases': 273, 'active_cases': -443, 'deaths': 12, 'recovered': 704, 'death_ratio': 0.00019649532590277144, 'recovery_ratio': 0.014766688369144298}"
Honduras,HN,HND,,34611,29771,935,3905,51,78825,0.027014532951951692,0.11282540232873942,"{'total_cases': 776, 'active_cases': 637, 'deaths': 35, 'recovered': 104, 'death_ratio': 0.00041485805908927226, 'recovery_ratio': 0.0004861086978837914}"
Switzerland,CH,CHE,,33742,1470,1972,30300,23,732835,0.05844348289965029,0.8979906348171418,"{'total_cases': 108, 'active_cases': 107, 'deaths': 1, 'recovered': 0, 'death_ratio': -0.0001579323349337608, 'recovery_ratio': -0.0028834806612431096}"
Ghana,GH,GHA,,28989,3505,153,25331,8,353752,0.005277864017385905,0.8738142053882507,"{'total_cases': 1322, 'active_cases': -765, 'deaths': 5, 'recovered': 2082, 'death_ratio': -7.146912317866627e-05, 'recovery_ratio': 0.0334990284626715}"
Kyrgyzstan,KG,KGZ,,28251,12396,1079,14776,24,262894,0.038193338288910125,0.5230257336023504,"{'total_cases': 1108, 'active_cases': -601, 'deaths': 42, 'recovered': 1667, 'death_ratio': -1.1723789710510468e-05, 'recovery_ratio': 0.04006511760559245}"
Azerbaijan,AZ,AZE,,28242,7927,376,19939,66,641732,0.013313504709298209,0.7060052404220665,"{'total_cases': 352, 'active_cases': -110, 'deaths': 13, 'recovered': 449, 'death_ratio': 0.0002980869968564736, 'recovery_ratio': 0.0071884602141066845}"
Japan,JP,JPN,,26328,5339,988,20001,47,639821,0.037526587663324215,0.7596855059252506,"{'total_cases': 634, 'active_cases': 236, 'deaths': 0, 'recovered': 398, 'death_ratio': -0.0009259693538782449, 'recovery_ratio': -0.0032552584555386455}"
Ireland,IE,IRL,,25802,685,1753,23364,7,574487,0.0679404697310286,0.9055112006821177,"{'total_cases': 36, 'active_cases': 36, 'deaths': 0, 'recovered': 0, 'death_ratio': -9.492575139008474e-05, 'recovery_ratio': -0.0012651712809343962}"
Algeria,DZ,DZA,,24278,6532,1100,16646,56,0,0.045308509761924375,0.6856413213609028,"{'total_cases': 587, 'active_cases': 328, 'deaths': 13, 'recovered': 246, 'death_ratio': -0.0005738928382191394, 'recovery_ratio': -0.0066046792300388235}"
Serbia,RS,SRB,,21605,7067,491,14047,198,568750,0.022726220782226338,0.6501735709326545,"{'total_cases': 352, 'active_cases': 2209, 'deaths': 9, 'recovered': -1866, 'death_ratio': 4.706960356920531e-05, 'recovery_ratio': -0.09856778322911086}"
Moldova,MD,MDA,,21442,6136,707,14599,362,128076,0.032972670459845164,0.6808599944035071,"{'total_cases': 327, 'active_cases': 183, 'deaths': 12, 'recovered': 132, 'death_ratio': 5.768111577696827e-05, 'recovery_ratio': -0.004292740618988766}"
Austria,AT,AUT,,19827,1401,710,17716,18,798436,0.035809754375346746,0.8935290260755535,"{'total_cases': 84, 'active_cases': 28, 'deaths': -1, 'recovered': 57, 'death_ratio': -0.0002030096422797542, 'recovery_ratio': -0.0009145741878310298}"
Nepal,NP,NPL,,17994,5477,40,12477,0,636237,0.002222963209958875,0.6933977992664221,"{'total_cases': 150, 'active_cases': -459, 'deaths': 0, 'recovered': 609, 'death_ratio': -1.8686644333884388e-05, 'recovery_ratio': 0.028300287497760368}"
Uzbekistan,UZ,UZB,,17755,8199,93,9463,70,1377915,0.005237961137707688,0.53297662630245,"{'total_cases': 606, 'active_cases': 527, 'deaths': 3, 'recovered': 76, 'death_ratio': -1.0158286165423518e-05, 'recovery_ratio': -0.014402229607515582}"
Morocco,MA,MAR,,17742,2073,280,15389,31,1046806,0.015781760793597114,0.8673768459023785,"{'total_cases': 180, 'active_cases': -81, 'deaths': 4, 'recovered': 257, 'death_ratio': 6.601087900879807e-05, 'recovery_ratio': 0.005743774498210397}"
Cameroon,CM,CMR,,16157,2056,373,13728,52,135000,0.023085968929875595,0.8496626849043758,"{'total_cases': 0, 'active_cases': 0, 'deaths': 0, 'recovered': 0, 'death_ratio': 0, 'recovery_ratio': 0}"
Ivory Coast,CI,CIV,,14531,5581,93,8857,0,86552,0.006400110109421237,0.6095244649370312,"{'total_cases': 219, 'active_cases': 20, 'deaths': 1, 'recovered': 198, 'death_ratio': -2.80620537984385e-05, 'recovery_ratio': 0.004507695792257516}"
Cote d'Ivoire,CI,CIV,,14312,5561,92,8659,0,0,0.006428172163219676,0.6050167691447736,"{'total_cases': 0, 'active_cases': 0, 'deaths': 0, 'recovered': 0, 'death_ratio': 0, 'recovery_ratio': 0}"
Kenya,KE,KEN,,14168,7660,250,6258,44,249998,0.017645398080180688,0.441699604743083,"{'total_cases': 397, 'active_cases': -257, 'deaths': 12, 'recovered': 642, 'death_ratio': 0.00036270256061057826, 'recovery_ratio': 0.03388608357541184}"
Czechia,CZ,CZE,,14160,4901,360,8899,18,632395,0.025423728813559324,0.6284604519774011,"{'total_cases': 185, 'active_cases': 98, 'deaths': 1, 'recovered': 86, 'death_ratio': -0.0002650010612170635, 'recovery_ratio': -0.002165666090577445}"
South Korea,KR,KOR,,13816,877,296,12643,0,0,0.021424435437174292,0.9150984365952519,"{'total_cases': 45, 'active_cases': -26, 'deaths': 0, 'recovered': 71, 'death_ratio': -7.00094106944188e-05, 'recovery_ratio': 0.002165461502666055}"
Denmark,DK,DNK,,13506,433,611,12462,4,1354882,0.045239152969050796,0.9227010217681031,"{'total_cases': 40, 'active_cases': 30, 'deaths': 0, 'recovered': 10, 'death_ratio': -0.0001343803741840205, 'recovery_ratio': -0.0019982207686561893}"
El Salvador,SV,SLV,,12582,5265,352,6965,427,214443,0.027976474328405658,0.5535685900492767,"{'total_cases': 375, 'active_cases': 233, 'deaths': 8, 'recovered': 134, 'death_ratio': -0.0002040778138078271, 'recovery_ratio': -0.006028362518921804}"
Australia,AU,AUS,,12428,3758,126,8544,38,3584339,0.01013839716768587,0.6874798841326037,"{'total_cases': 358, 'active_cases': 255, 'deaths': 3, 'recovered': 100, 'death_ratio': -5.215792759167767e-05, 'recovery_ratio': -0.012105865660271165}"
Venezuela,VE,VEN,,12334,5374,116,6844,19,1435142,0.009404897032592834,0.5548889249229771,"{'total_cases': 443, 'active_cases': -2433, 'deaths': 4, 'recovered': 2872, 'death_ratio': -1.3991202206594874e-05, 'recovery_ratio': 0.22085478145312598}"
Costa Rica,CR,CRI,,11811,8549,68,3194,49,69947,0.00575734484802303,0.2704258741850817,"{'total_cases': 277, 'active_cases': 100, 'deaths': 2, 'recovered': 175, 'death_ratio': 3.5132259155333696e-05, 'recovery_ratio': 0.0086779983397548}"
Sudan,SD,SDN,,10992,4592,693,5707,0,401,0.06304585152838428,0.5191957787481805,"{'total_cases': 0, 'active_cases': 0, 'deaths': 0, 'recovered': 0, 'death_ratio': 0, 'recovery_ratio': 0}"
Ethiopia,ET,ETH,,10207,7607,170,2430,35,250604,0.016655236602331733,0.23807191143333006,"{'total_cases': 704, 'active_cases': 701, 'deaths': 3, 'recovered': 0, 'death_ratio': -0.0009181612720237341, 'recovery_ratio': -0.01763681212765067}"
North Macedonia,MK,MKD,,9412,4040,432,4940,55,88179,0.045898852528686786,0.5248618784530387,"{'total_cases': 163, 'active_cases': 94, 'deaths': 0, 'recovered': 69, 'death_ratio': -0.0008088996607390972, 'recovery_ratio': -0.001789651442085094}"
Palestine,PS,PSE,,9228,7232,64,1932,0,155355,0.006935413957520589,0.2093628088426528,"{'total_cases': 312, 'active_cases': 300, 'deaths': 1, 'recovered': 11, 'death_ratio': -0.0001305348984686431, 'recovery_ratio': -0.006092552305844295}"
West bank and Gaza,PS,PSE,,9228,7232,64,1932,0,0,0.006935413957520589,0.2093628088426528,"{'total_cases': 312, 'active_cases': 300, 'deaths': 1, 'recovered': 11, 'death_ratio': -0.0001305348984686431, 'recovery_ratio': -0.006092552305844295}"
Norway,NO,NOR,,9049,656,255,8138,1,407311,0.028179909382252184,0.8993258923637971,"{'total_cases': 15, 'active_cases': 15, 'deaths': 0, 'recovered': 0, 'death_ratio': -4.6789754342902584e-05, 'recovery_ratio': -0.001493235375853108}"
Senegal,SN,SEN,,8985,2767,174,6044,40,97662,0.019365609348914858,0.6726766833611575,"{'total_cases': 37, 'active_cases': -9, 'deaths': 4, 'recovered': 42, 'death_ratio': 0.0003669504307208492, 'recovery_ratio': 0.0019122667317430508}"
Bulgaria,BG,BGR,,8929,4416,308,4205,34,210207,0.03449434427147497,0.4709373950050398,"{'total_cases': 196, 'active_cases': 89, 'deaths': 8, 'recovered': 99, 'death_ratio': 0.00014188807085662586, 'recovery_ratio': 0.0007667778059100572}"
Malaysia,MY,MYS,,8815,130,123,8562,4,902439,0.013953488372093023,0.9712989222915485,"{'total_cases': 15, 'active_cases': 8, 'deaths': 0, 'recovered': 7, 'death_ratio': -2.378435517970401e-05, 'recovery_ratio': -0.0008601686175424561}"
Bosnia and Herzegovina,BA,BIH,,8787,4520,264,4003,0,123645,0.030044383748719698,0.4555593490383521,"{'total_cases': 308, 'active_cases': 51, 'deaths': 9, 'recovered': 248, 'death_ratio': -2.9917466046195523e-05, 'recovery_ratio': 0.012700521346407312}"
Kinshasa,CD,COD,,8534,3810,196,4528,0,0,0.022966955706585423,0.5305835481603,"{'total_cases': 91, 'active_cases': -104, 'deaths': 2, 'recovered': 193, 'death_ratio': -1.065888538425569e-05, 'recovery_ratio': 0.01714045921087437}"
Madagascar,MG,MDG,,7548,3197,65,4286,79,33943,0.008611552729199789,0.5678325384207737,"{'total_cases': 395, 'active_cases': -106, 'deaths': 3, 'recovered': 498, 'death_ratio': -5.613914833411254e-05, 'recovery_ratio': 0.03826452499983146}"
Finland,FI,FIN,,7351,143,328,6880,1,317837,0.04461977962182016,0.9359270847503741,"{'total_cases': 11, 'active_cases': 11, 'deaths': 0, 'recovered': 0, 'death_ratio': -6.686887954223536e-05, 'recovery_ratio': -0.0014026155221054104}"
Haiti,HT,HTI,,7100,2854,151,4095,0,16175,0.021267605633802818,0.5767605633802817,"{'total_cases': 47, 'active_cases': -176, 'deaths': 5, 'recovered': 218, 'death_ratio': 0.0005671944612521303, 'recovery_ratio': 0.027065398202343216}"
Tajikistan,TJ,TJK,,6967,1227,57,5683,0,0,0.008181426725993972,0.81570259796182,"{'total_cases': 46, 'active_cases': -8, 'deaths': 0, 'recovered': 54, 'death_ratio': -5.437734856172764e-05, 'recovery_ratio': 0.0023808236517491865}"
French Guiana,GF,GUF,,6851,1816,39,4996,21,33771,0.0056925996204933585,0.7292366077944825,"{'total_cases': 196, 'active_cases': -530, 'deaths': 2, 'recovered': 724, 'death_ratio': 0.00013287009382168327, 'recovery_ratio': 0.08731324190417444}"
Guinea,GN,GIN,,6590,959,40,5591,24,14407,0.006069802731411229,0.8484066767830045,"{'total_cases': 46, 'active_cases': -35, 'deaths': 1, 'recovered': 80, 'death_ratio': 0.00011014502969973819, 'recovery_ratio': 0.006261200010388435}"
Gabon,GA,GAB,,6433,2353,46,4034,11,59671,0.007150629566298772,0.6270791232706358,"{'total_cases': 118, 'active_cases': -51, 'deaths': 0, 'recovered': 169, 'death_ratio': -0.00013361429751753817, 'recovery_ratio': 0.01504428558259141}"
Mauritania,MR,MRT,,5923,2136,155,3632,8,13842,0.02616917102819517,0.6132027688671281,"{'total_cases': 50, 'active_cases': -146, 'deaths': 0, 'recovered': 196, 'death_ratio': -0.00022279219332705172, 'recovery_ratio': 0.02815253900164194}"
Kosovo,KI,KIR,,5877,2669,139,3069,0,0,0.0236515228858261,0.5222052067381318,"{'total_cases': 0, 'active_cases': 0, 'deaths': 0, 'recovered': 0, 'death_ratio': 0, 'recovery_ratio': 0}"
Luxembourg,LU,LUX,,5725,1135,111,4479,5,357637,0.019388646288209608,0.7823580786026201,"{'total_cases': 86, 'active_cases': 71, 'deaths': 0, 'recovered': 15, 'death_ratio': -0.00029569490703777734, 'recovery_ratio': -0.009271642979220673}"
Djibouti,DJ,DJI,,5027,87,56,4884,0,54671,0.011139844837875473,0.9715536105032823,"{'total_cases': 7, 'active_cases': -9, 'deaths': 0, 'recovered': 16, 'death_ratio': -1.5533648180304435e-05, 'recovery_ratio': 0.0018324949654336953}"
Central African Republic,CF,CAF,,4548,3093,55,1400,0,0,0.012093227792436236,0.30782761653474056,"{'total_cases': 63, 'active_cases': 11, 'deaths': 0, 'recovered': 52, 'death_ratio': -0.00016987142718472188, 'recovery_ratio': 0.0072702029338486684}"
Croatia,HR,HRV,,4422,1116,123,3183,9,105526,0.027815468113975575,0.7198100407055631,"{'total_cases': 52, 'active_cases': -31, 'deaths': 1, 'recovered': 82, 'death_ratio': -0.00010215202332419793, 'recovery_ratio': 0.010199056723869782}"
Hungary,HU,HUN,,4347,494,596,3257,4,310930,0.1371060501495284,0.7492523579480102,"{'total_cases': 8, 'active_cases': -17, 'deaths': 0, 'recovered': 25, 'death_ratio': -0.00025278829250893753, 'recovery_ratio': 0.004380267604613075}"
Albania,AL,ALB,,4290,1776,117,2397,17,31383,0.02727272727272727,0.5587412587412588,"{'total_cases': 119, 'active_cases': 70, 'deaths': 4, 'recovered': 45, 'death_ratio': 0.00018090277020988907, 'recovery_ratio': -0.00515229196600564}"
Greece,GR,GRC,,4048,2477,197,1374,10,419906,0.048666007905138337,0.3394268774703557,"{'total_cases': 36, 'active_cases': 34, 'deaths': 2, 'recovered': 0, 'death_ratio': 6.182046745139419e-05, 'recovery_ratio': -0.003045704782884573}"
Paraguay,PY,PRY,,3748,1544,33,2171,10,106345,0.008804695837780149,0.5792422625400213,"{'total_cases': 27, 'active_cases': -228, 'deaths': 2, 'recovered': 253, 'death_ratio': 0.00047360204578874784, 'recovery_ratio': 0.06378942728068238}"
Zambia,ZM,ZMB,,3326,1578,128,1620,19,69296,0.03848466626578473,0.48707155742633795,"{'total_cases': 0, 'active_cases': 0, 'deaths': 0, 'recovered': 0, 'death_ratio': 0, 'recovery_ratio': 0}"
Thailand,TH,THA,,3255,92,58,3105,1,685316,0.017818740399385562,0.9539170506912442,"{'total_cases': 5, 'active_cases': -4, 'deaths': 0, 'recovered': 9, 'death_ratio': -2.741344676828253e-05, 'recovery_ratio': 0.0013016660758595755}"
Nicaragua,NI,NIC,,3147,766,99,2282,0,0,0.03145853193517636,0.7251350492532571,"{'total_cases': 0, 'active_cases': 0, 'deaths': 0, 'recovered': 0, 'death_ratio': 0, 'recovery_ratio': 0}"
Somalia,SO,SOM,,3130,1575,93,1462,2,0,0.029712460063897765,0.4670926517571885,"{'total_cases': 11, 'active_cases': 6, 'deaths': 0, 'recovered': 5, 'death_ratio': -0.00010478905440938421, 'recovery_ratio': -4.425109629019319e-05}"
Equatorial guinea,GQ,GNQ,,3071,2178,51,842,0,16000,0.01660696841419733,0.27417779225008143,"{'total_cases': 0, 'active_cases': 0, 'deaths': 0, 'recovered': 0, 'death_ratio': 0, 'recovery_ratio': 0}"
Malawi,MW,MWI,,3045,1801,64,1180,4,24192,0.021018062397372743,0.38752052545155996,"{'total_cases': 53, 'active_cases': 24, 'deaths': 2, 'recovered': 27, 'death_ratio': 0.0002961372636829038, 'recovery_ratio': 0.0021595628847150272}"
Maldives,MV,MDV,,3044,632,15,2397,12,68696,0.00492772667542707,0.7874507227332457,"{'total_cases': 45, 'active_cases': 17, 'deaths': 0, 'recovered': 28, 'death_ratio': -7.394054698039911e-05, 'recovery_ratio': -0.0024792539256406343}"
Congo,CD,COD,,2851,2135,50,666,0,0,0.017537706068046298,0.2336022448263767,"{'total_cases': 218, 'active_cases': 177, 'deaths': 1, 'recovered': 40, 'death_ratio': -0.0010722445586153033, 'recovery_ratio': -0.0041493693019939715}"
Brazzaville,CG,COG,,2851,2135,50,666,0,0,0.017537706068046298,0.2336022448263767,"{'total_cases': 218, 'active_cases': 177, 'deaths': 1, 'recovered': 40, 'death_ratio': -0.0010722445586153033, 'recovery_ratio': -0.0041493693019939715}"
Mayotte,YT,MYT,,2808,179,38,2591,3,13000,0.013532763532763533,0.9227207977207977,"{'total_cases': 0, 'active_cases': 0, 'deaths': 0, 'recovered': 0, 'death_ratio': 0, 'recovery_ratio': 0}"
Sri Lanka,LK,LKA,,2730,671,11,2048,1,139591,0.00402930402930403,0.7501831501831502,"{'total_cases': 0, 'active_cases': -7, 'deaths': 0, 'recovered': 7, 'death_ratio': 0, 'recovery_ratio': 0.002564102564102555}"
Mali,ML,MLI,,2477,499,122,1856,0,20108,0.04925312878482035,0.749293500201857,"{'total_cases': 2, 'active_cases': -4, 'deaths': 1, 'recovered': 5, 'death_ratio': 0.00036423989593145634, 'recovery_ratio': 0.0014147123230691117}"
Cuba,CU,CUB,,2449,41,87,2321,1,232103,0.035524703960800326,0.9477337688852593,"{'total_cases': 3, 'active_cases': -10, 'deaths': 0, 'recovered': 13, 'death_ratio': -4.357077345969185e-05, 'recovery_ratio': 0.0041524115671889295}"
Montenegro,ME,MNE,,2283,1861,35,387,7,30246,0.015330705212439772,0.16951379763469118,"{'total_cases': 95, 'active_cases': 90, 'deaths': 3, 'recovered': 2, 'death_ratio': 0.00070547669324416, 'recovery_ratio': -0.006445982986881038}"
South Sudan,SS,SSD,,2211,991,45,1175,0,12044,0.0203527815468114,0.5314337403889643,"{'total_cases': 0, 'active_cases': 0, 'deaths': 0, 'recovered': 0, 'death_ratio': 0, 'recovery_ratio': 0}"
Cabo Verde,CV,CPV,,2107,986,21,1100,0,41634,0.009966777408637873,0.5220692928334124,"{'total_cases': 36, 'active_cases': -1, 'deaths': 0, 'recovered': 37, 'death_ratio': -0.00017325156287347453, 'recovery_ratio': 0.008790683465957128}"
Libya,LY,LBY,,2088,1559,50,479,0,40135,0.023946360153256706,0.22940613026819923,"{'total_cases': 108, 'active_cases': 69, 'deaths': 1, 'recovered': 38, 'death_ratio': -0.0008011145942180414, 'recovery_ratio': 0.006678857540926508}"
Estonia,EE,EST,,2022,41,69,1912,1,114941,0.03412462908011869,0.9455984174085065,"{'total_cases': 1, 'active_cases': 1, 'deaths': 0, 'recovered': 0, 'death_ratio': -1.688502181104723e-05, 'recovery_ratio': -0.00046788640148853755}"
Slovakia,SK,SVK,,2021,455,28,1538,2,243562,0.013854527461652647,0.7610094012864919,"{'total_cases': 41, 'active_cases': 41, 'deaths': 0, 'recovered': 0, 'death_ratio': -0.00028688667976149544, 'recovery_ratio': -0.015758275481184914}"
Hong kong,HK,HKG,,2020,682,14,1324,29,442256,0.006930693069306931,0.6554455445544555,"{'total_cases': 61, 'active_cases': 37, 'deaths': 2, 'recovered': 22, 'death_ratio': 0.0008051187967188754, 'recovery_ratio': -0.009179264021348499}"
Slovenia,SI,SVN,,1977,238,114,1625,3,121821,0.057663125948406675,0.8219524532119373,"{'total_cases': 24, 'active_cases': 1, 'deaths': 1, 'recovered': 22, 'death_ratio': -0.00019657707258666918, 'recovery_ratio': 0.0011639227459875334}"
Lithuania,LT,LTU,,1949,268,80,1601,6,486224,0.04104669061056952,0.8214468958440225,"{'total_cases': 2, 'active_cases': 2, 'deaths': 0, 'recovered': 0, 'death_ratio': -4.2164037607157756e-05, 'recovery_ratio': -0.0008438078026132834}"
Guinea-bissau,GW,GNB,,1949,1120,26,803,5,1500,0.013340174448435094,0.4120061570035916,"{'total_cases': 0, 'active_cases': 0, 'deaths': 0, 'recovered': 0, 'death_ratio': 0, 'recovery_ratio': 0}"
Iceland,IS,ISL,,1930,13,10,1907,0,113204,0.0051813471502590676,0.9880829015544041,"{'total_cases': 0, 'active_cases': 0, 'deaths': 0, 'recovered': 0, 'death_ratio': 0, 'recovery_ratio': 0}"
Eswatini,SZ,SWZ,,1894,1015,24,855,5,20784,0.012671594508975714,0.4514255543822598,"{'total_cases': 68, 'active_cases': 62, 'deaths': 1, 'recovered': 5, 'death_ratio': 7.575661193299707e-05, 'recovery_ratio': -0.014072802682362329}"
Sierra Leone,SL,SLE,,1727,388,66,1273,0,0,0.03821656050955414,0.7371163867979155,"{'total_cases': 16, 'active_cases': 4, 'deaths': 0, 'recovered': 12, 'death_ratio': -0.0003573728627427608, 'recovery_ratio': 0.00012047797266712124}"
Zimbabwe,ZW,ZWE,,1713,1215,26,472,0,103291,0.015178050204319907,0.27553998832457677,"{'total_cases': 0, 'active_cases': 0, 'deaths': 0, 'recovered': 0, 'death_ratio': 0, 'recovery_ratio': 0}"
Rwanda,RW,RWA,,1629,786,5,838,0,214000,0.003069367710251688,0.514426028238183,"{'total_cases': 0, 'active_cases': 0, 'deaths': 0, 'recovered': 0, 'death_ratio': 0, 'recovery_ratio': 0}"
Yemen,YE,YEM,,1619,458,447,714,0,120,0.27609635577516983,0.4410129709697344,"{'total_cases': 0, 'active_cases': 0, 'deaths': 0, 'recovered': 0, 'death_ratio': 0, 'recovery_ratio': 0}"
Benin,BJ,BEN,,1602,789,31,782,1,72832,0.019350811485642945,0.48813982521847693,"{'total_cases': 0, 'active_cases': 0, 'deaths': 0, 'recovered': 0, 'death_ratio': 0, 'recovery_ratio': 0}"
New Zealand,NZ,NZL,,1555,27,22,1506,0,444176,0.01414790996784566,0.9684887459807074,"{'total_cases': 1, 'active_cases': 1, 'deaths': 0, 'recovered': 0, 'death_ratio': -9.104189168497936e-06, 'recovery_ratio': -0.0006232231312616188}"
Mozambique,MZ,MOZ,,1536,1019,11,506,0,48653,0.007161458333333333,0.3294270833333333,"{'total_cases': 29, 'active_cases': 28, 'deaths': 0, 'recovered': 1, 'death_ratio': -0.00013781173965936745, 'recovery_ratio': -0.005675770017695203}"
Tunisia,TN,TUN,,1389,236,50,1103,3,85091,0.03599712023038157,0.7940964722822175,"{'total_cases': 8, 'active_cases': 4, 'deaths': 0, 'recovered': 4, 'death_ratio': -0.00020852785071908547, 'recovery_ratio': -0.0017036725403748454}"
Namibia,NA,NAM,,1366,1302,7,57,13,18454,0.005124450951683748,0.04172767203513909,"{'total_cases': 22, 'active_cases': 4, 'deaths': 3, 'recovered': 15, 'death_ratio': 0.0021482604754932723, 'recovery_ratio': 0.010477672035139093}"
Jordan,JO,JOR,,1223,184,11,1028,3,519998,0.008994276369582993,0.8405560098119379,"{'total_cases': 0, 'active_cases': 0, 'deaths': 0, 'recovered': 0, 'death_ratio': 0, 'recovery_ratio': 0}"
Latvia,LV,LVA,,1193,117,31,1045,0,183610,0.025984911986588432,0.875943000838223,"{'total_cases': 1, 'active_cases': -22, 'deaths': 0, 'recovered': 23, 'death_ratio': -2.179942280754188e-05, 'recovery_ratio': 0.018560450502652537}"
Liberia,LR,LBR,,1108,463,70,575,0,0,0.0631768953068592,0.5189530685920578,"{'total_cases': 1, 'active_cases': -27, 'deaths': 0, 'recovered': 28, 'death_ratio': -5.707036613086802e-05, 'recovery_ratio': 0.02482479397597831}"
Niger,NE,NER,,1105,22,69,1014,0,9052,0.06244343891402715,0.9176470588235294,"{'total_cases': 1, 'active_cases': 1, 'deaths': 0, 'recovered': 0, 'death_ratio': -5.656108597285048e-05, 'recovery_ratio': -0.0008312020460358172}"
Suriname,SR,SUR,,1079,402,21,656,5,1244,0.019462465245597776,0.607970342910102,"{'total_cases': 50, 'active_cases': 21, 'deaths': 0, 'recovered': 29, 'death_ratio': -0.0009456980197083444, 'recovery_ratio': -0.0013591031540379772}"
Uganda,UG,UGA,,1072,114,0,958,0,250029,0,0.8936567164179104,"{'total_cases': 3, 'active_cases': 114, 'deaths': 0, 'recovered': -113, 'death_ratio': 0, 'recovery_ratio': -0.10821419097217377}"
Burkina Faso,BF,BFA,,1065,111,53,901,0,0,0.04976525821596244,0.8460093896713615,"{'total_cases': 0, 'active_cases': 0, 'deaths': 0, 'recovered': 0, 'death_ratio': 0, 'recovery_ratio': 0}"
Uruguay,UY,URY,,1064,104,33,927,3,90649,0.03101503759398496,0.8712406015037594,"{'total_cases': 10, 'active_cases': 5, 'deaths': 0, 'recovered': 5, 'death_ratio': -0.0002942603187285134, 'recovery_ratio': -0.003522206845386733}"
Cyprus,CY,CYP,,1040,174,19,847,0,183921,0.01826923076923077,0.8144230769230769,"{'total_cases': 2, 'active_cases': 0, 'deaths': 0, 'recovered': 2, 'death_ratio': -3.520082999851695e-05, 'recovery_ratio': 0.0003575663257744388}"
Chad,TD,TCD,,889,11,75,803,0,0,0.0843644544431946,0.9032620922384702,"{'total_cases': 0, 'active_cases': -2, 'deaths': 0, 'recovered': 2, 'death_ratio': 0, 'recovery_ratio': 0.0022497187851518996}"
Andorra,AD,AND,,884,29,52,803,0,3750,0.058823529411764705,0.9083710407239819,"{'total_cases': 0, 'active_cases': 0, 'deaths': 0, 'recovered': 0, 'death_ratio': 0, 'recovery_ratio': 0}"
Jamaica,JM,JAM,,809,93,10,706,0,32053,0.012360939431396786,0.8726823238566132,"{'total_cases': 19, 'active_cases': 6, 'deaths': 0, 'recovered': 13, 'death_ratio': -0.00029728841670447967, 'recovery_ratio': -0.004532866016804582}"
Togo,TG,TGO,,783,214,15,554,2,38149,0.019157088122605363,0.7075351213282248,"{'total_cases': 0, 'active_cases': 0, 'deaths': 0, 'recovered': 0, 'death_ratio': 0, 'recovery_ratio': 0}"
Angola,AO,AGO,,779,528,30,221,6,10000,0.038510911424903725,0.28369704749679076,"{'total_cases': 30, 'active_cases': 29, 'deaths': 1, 'recovered': 0, 'death_ratio': -0.00020737962983592706, 'recovery_ratio': -0.011363032610018309}"
Sao Tome and Principe,ST,STP,,746,196,14,536,0,2142,0.01876675603217158,0.7184986595174263,"{'total_cases': 0, 'active_cases': -85, 'deaths': 0, 'recovered': 85, 'death_ratio': 0, 'recovery_ratio': 0.11394101876675611}"
Diamond Princess,,,,712,48,13,651,4,0,0.018258426966292134,0.9143258426966292,"{'total_cases': 0, 'active_cases': 0, 'deaths': 0, 'recovered': 0, 'death_ratio': 0, 'recovery_ratio': 0}"
San Marino,SM,SMR,,699,1,42,656,0,5729,0.060085836909871244,0.9384835479256081,"{'total_cases': 0, 'active_cases': 0, 'deaths': 0, 'recovered': 0, 'death_ratio': 0, 'recovery_ratio': 0}"
Malta,MT,MLT,,677,4,9,664,0,114779,0.013293943870014771,0.9807976366322009,"{'total_cases': 0, 'active_cases': 0, 'deaths': 0, 'recovered': 0, 'death_ratio': 0, 'recovery_ratio': 0}"
Réunion,RE,REU,,639,164,3,472,4,35419,0.004694835680751174,0.7386541471048513,"{'total_cases': 8, 'active_cases': 8, 'deaths': 0, 'recovered': 0, 'death_ratio': -5.952248089700386e-05, 'recovery_ratio': -0.009364870327795205}"
Channel islands,GB-CHA,GBR-CHA,,583,7,47,529,0,30721,0.08061749571183534,0.9073756432246999,"{'total_cases': 0, 'active_cases': 0, 'deaths': 0, 'recovered': 0, 'death_ratio': 0, 'recovery_ratio': 0}"
Syria,SY,SYR,,540,349,31,160,0,0,0.05740740740740741,0.2962962962962963,"{'total_cases': 18, 'active_cases': 10, 'deaths': 2, 'recovered': 6, 'death_ratio': 0.0018518518518518545, 'recovery_ratio': 0.0012771392081736832}"
Botswana,BW,BWA,,522,473,1,48,1,51379,0.0019157088122605363,0.09195402298850575,"{'total_cases': 0, 'active_cases': 0, 'deaths': 0, 'recovered': 0, 'death_ratio': 0, 'recovery_ratio': 0}"
Tanzania,TZ,TZA,,509,305,21,183,7,0,0.0412573673870334,0.35952848722986247,"{'total_cases': 0, 'active_cases': 0, 'deaths': 0, 'recovered': 0, 'death_ratio': 0, 'recovery_ratio': 0}"
Taiwan,TW,TWN,,455,8,7,440,0,79808,0.015384615384615385,0.967032967032967,"{'total_cases': 0, 'active_cases': 0, 'deaths': 0, 'recovered': 0, 'death_ratio': 0, 'recovery_ratio': 0}"
Vietnam,VN,VNM,,396,31,0,365,1,275000,0,0.9217171717171717,"{'total_cases': 12, 'active_cases': 7, 'deaths': 0, 'recovered': 5, 'death_ratio': 0, 'recovery_ratio': -0.015782828282828287}"
Lesotho,,,,359,284,6,69,0,7432,0.016713091922005572,0.19220055710306408,"{'total_cases': 0, 'active_cases': 0, 'deaths': 0, 'recovered': 0, 'death_ratio': 0, 'recovery_ratio': 0}"
Mauritius,MU,MUS,,343,1,10,332,0,205285,0.029154518950437316,0.967930029154519,"{'total_cases': 0, 'active_cases': -1, 'deaths': 0, 'recovered': 1, 'death_ratio': 0, 'recovery_ratio': 0.002915451895043719}"
Myanmar,MM,MMR,,341,55,6,280,0,104874,0.017595307917888565,0.8211143695014663,"{'total_cases': 0, 'active_cases': -2, 'deaths': 0, 'recovered': 2, 'death_ratio': 0, 'recovery_ratio': 0.0058651026392961825}"
Burma,MM,MMR,,341,55,6,280,0,0,0.017595307917888565,0.8211143695014663,"{'total_cases': 0, 'active_cases': -2, 'deaths': 0, 'recovered': 2, 'death_ratio': 0, 'recovery_ratio': 0.0058651026392961825}"
Guyana,GY,GUY,,337,155,19,163,5,3769,0.05637982195845697,0.4836795252225519,"{'total_cases': 1, 'active_cases': 1, 'deaths': 0, 'recovered': 0, 'death_ratio': -0.0001677970891620778, 'recovery_ratio': -0.001439522396495696}"
Isle of man,IM,IMN,,336,0,24,312,0,7606,0.07142857142857142,0.9285714285714286,"{'total_cases': 0, 'active_cases': 0, 'deaths': 0, 'recovered': 0, 'death_ratio': 0, 'recovery_ratio': 0}"
Comoros,KM,COM,,334,14,7,313,0,0,0.020958083832335328,0.937125748502994,"{'total_cases': 0, 'active_cases': 0, 'deaths': 0, 'recovered': 0, 'death_ratio': 0, 'recovery_ratio': 0}"
Burundi,BI,BDI,,322,114,1,207,0,6697,0.003105590062111801,0.6428571428571429,"{'total_cases': 12, 'active_cases': 12, 'deaths': 0, 'recovered': 0, 'death_ratio': -0.00012021638950110219, 'recovery_ratio': -0.024884792626728047}"
Mongolia,MN,MNG,,287,74,0,213,10,30453,0,0.7421602787456446,"{'total_cases': 0, 'active_cases': 0, 'deaths': 0, 'recovered': 0, 'death_ratio': 0, 'recovery_ratio': 0}"
Martinique,MQ,MTQ,,262,149,15,98,5,12227,0.05725190839694656,0.37404580152671757,"{'total_cases': 0, 'active_cases': 0, 'deaths': 0, 'recovered': 0, 'death_ratio': 0, 'recovery_ratio': 0}"
Eritrea,ER,ERI,,251,96,0,155,0,0,0,0.6175298804780877,"{'total_cases': 0, 'active_cases': 0, 'deaths': 0, 'recovered': 0, 'death_ratio': 0, 'recovery_ratio': 0}"
Cayman islands,KY,CYM,,203,2,1,200,0,28126,0.0049261083743842365,0.9852216748768473,"{'total_cases': 0, 'active_cases': 0, 'deaths': 0, 'recovered': 0, 'death_ratio': 0, 'recovery_ratio': 0}"
Cambodia,KH,KHM,,197,57,0,140,1,53379,0,0.7106598984771574,"{'total_cases': 26, 'active_cases': 22, 'deaths': 0, 'recovered': 4, 'death_ratio': 0, 'recovery_ratio': -0.08466173894974316}"
Guadeloupe,GP,GLP,,195,9,14,172,4,13571,0.07179487179487179,0.882051282051282,"{'total_cases': 0, 'active_cases': 0, 'deaths': 0, 'recovered': 0, 'death_ratio': 0, 'recovery_ratio': 0}"
Faeroe islands,FO,FRO,,191,3,0,188,0,29522,0,0.9842931937172775,"{'total_cases': 0, 'active_cases': 0, 'deaths': 0, 'recovered': 0, 'death_ratio': 0, 'recovery_ratio': 0}"
Gibraltar,GI,GIB,,180,0,0,180,0,18177,0,1,"{'total_cases': 0, 'active_cases': 0, 'deaths': 0, 'recovered': 0, 'death_ratio': 0, 'recovery_ratio': 0}"
Bahamas,BS,BHS,,174,72,11,91,1,3672,0.06321839080459771,0.5229885057471264,"{'total_cases': 21, 'active_cases': 21, 'deaths': 0, 'recovered': 0, 'death_ratio': -0.008677034032003594, 'recovery_ratio': -0.07178273608293895}"
Bermuda,BM,BMU,,153,7,9,137,1,16852,0.058823529411764705,0.8954248366013072,"{'total_cases': 0, 'active_cases': 0, 'deaths': 0, 'recovered': 0, 'death_ratio': 0, 'recovery_ratio': 0}"
Brunei,BN,BRN,,141,0,3,138,0,35469,0.02127659574468085,0.9787234042553191,"{'total_cases': 0, 'active_cases': 0, 'deaths': 0, 'recovered': 0, 'death_ratio': 0, 'recovery_ratio': 0}"
Trinidad and Tobago,TT,TTO,,137,5,8,124,0,6133,0.058394160583941604,0.9051094890510949,"{'total_cases': 0, 'active_cases': 0, 'deaths': 0, 'recovered': 0, 'death_ratio': 0, 'recovery_ratio': 0}"
Aruba,AW,ABW,,115,12,3,100,0,5209,0.02608695652173913,0.8695652173913043,"{'total_cases': 0, 'active_cases': 0, 'deaths': 0, 'recovered': 0, 'death_ratio': 0, 'recovery_ratio': 0}"
Gambia,GM,GMB,,112,51,4,57,0,3681,0.03571428571428571,0.5089285714285714,"{'total_cases': 19, 'active_cases': 11, 'deaths': 0, 'recovered': 8, 'death_ratio': -0.007296466973886334, 'recovery_ratio': -0.017953149001536106}"
Monaco,MC,MCO,,111,7,4,100,0,38209,0.036036036036036036,0.9009009009009009,"{'total_cases': 2, 'active_cases': 0, 'deaths': 0, 'recovered': 2, 'death_ratio': -0.0006612116703859847, 'recovery_ratio': 0.0018183320935614145}"
Seychelles,SC,SYC,,108,81,0,27,0,0,0,0.25,"{'total_cases': 0, 'active_cases': 0, 'deaths': 0, 'recovered': 0, 'death_ratio': 0, 'recovery_ratio': 0}"
Barbados,BB,BRB,,106,8,7,91,0,9602,0.0660377358490566,0.8584905660377359,"{'total_cases': 0, 'active_cases': 0, 'deaths': 0, 'recovered': 0, 'death_ratio': 0, 'recovery_ratio': 0}"
Bhutan,BT,BTN,,90,7,0,83,0,40527,0,0.9222222222222223,"{'total_cases': 1, 'active_cases': 0, 'deaths': 0, 'recovered': 1, 'death_ratio': 0, 'recovery_ratio': 0.0008739076154806735}"
Liechtenstein,LI,LIE,,86,4,1,81,0,900,0.011627906976744186,0.9418604651162791,"{'total_cases': 0, 'active_cases': 0, 'deaths': 0, 'recovered': 0, 'death_ratio': 0, 'recovery_ratio': 0}"
Turks and Caicos,TC,TCA,,81,57,2,22,1,1016,0.024691358024691357,0.2716049382716049,"{'total_cases': 0, 'active_cases': 0, 'deaths': 0, 'recovered': 0, 'death_ratio': 0, 'recovery_ratio': 0}"
Sint Maarten,SX,SXM,,79,1,15,63,0,523,0.189873417721519,0.7974683544303798,"{'total_cases': 0, 'active_cases': 0, 'deaths': 0, 'recovered': 0, 'death_ratio': 0, 'recovery_ratio': 0}"
Antigua and Barbuda,AG,ATG,,76,16,3,57,1,930,0.039473684210526314,0.75,"{'total_cases': 0, 'active_cases': 0, 'deaths': 0, 'recovered': 0, 'death_ratio': 0, 'recovery_ratio': 0}"
French Polynesia,PF,PYF,,62,2,0,60,0,4649,0,0.967741935483871,"{'total_cases': 0, 'active_cases': 0, 'deaths': 0, 'recovered': 0, 'death_ratio': 0, 'recovery_ratio': 0}"
Saint Vincent and The Grenadines,VC,VCT,,50,21,0,29,0,0,0,0.58,"{'total_cases': 0, 'active_cases': 0, 'deaths': 0, 'recovered': 0, 'death_ratio': 0, 'recovery_ratio': 0}"
St. Vincent Grenadines,VC,VCT,,50,21,0,29,0,1443,0,0.58,"{'total_cases': 0, 'active_cases': 0, 'deaths': 0, 'recovered': 0, 'death_ratio': 0, 'recovery_ratio': 0}"
Macao,MO,MAC,,46,0,0,46,0,4071,0,1,"{'total_cases': 0, 'active_cases': 0, 'deaths': 0, 'recovered': 0, 'death_ratio': 0, 'recovery_ratio': 0}"
Saint Martin,MF,MAF,,46,4,3,39,1,1056,0.06521739130434782,0.8478260869565217,"{'total_cases': 0, 'active_cases': 0, 'deaths': 0, 'recovered': 0, 'death_ratio': 0, 'recovery_ratio': 0}"
Belize,BZ,BLZ,,42,18,2,22,0,2958,0.047619047619047616,0.5238095238095238,"{'total_cases': 2, 'active_cases': 2, 'deaths': 0, 'recovered': 0, 'death_ratio': -0.0023809523809523864, 'recovery_ratio': -0.02619047619047621}"
Curaçao,CW,CUW,,28,3,1,24,0,1080,0.03571428571428571,0.8571428571428571,"{'total_cases': 0, 'active_cases': 0, 'deaths': 0, 'recovered': 0, 'death_ratio': 0, 'recovery_ratio': 0}"
Papua New Guinea,PG,PNG,,27,18,1,8,0,7147,0.037037037037037035,0.2962962962962963,"{'total_cases': 11, 'active_cases': 10, 'deaths': 1, 'recovered': 0, 'death_ratio': 0.037037037037037035, 'recovery_ratio': -0.20370370370370372}"
Fiji,FJ,FJI,,27,9,0,18,0,4000,0,0.6666666666666666,"{'total_cases': 0, 'active_cases': 0, 'deaths': 0, 'recovered': 0, 'death_ratio': 0, 'recovery_ratio': 0}"
Timor-leste,TL,TLS,,24,0,0,24,0,1568,0,1,"{'total_cases': 0, 'active_cases': 0, 'deaths': 0, 'recovered': 0, 'death_ratio': 0, 'recovery_ratio': 0}"
Grenada,GD,GRD,,23,0,0,23,0,5465,0,1,"{'total_cases': 0, 'active_cases': 0, 'deaths': 0, 'recovered': 0, 'death_ratio': 0, 'recovery_ratio': 0}"
Saint Lucia,LC,LCA,,23,4,0,19,0,2155,0,0.8260869565217391,"{'total_cases': 0, 'active_cases': 0, 'deaths': 0, 'recovered': 0, 'death_ratio': 0, 'recovery_ratio': 0}"
New Caledonia,NC,NCL,,22,1,0,21,0,9841,0,0.9545454545454546,"{'total_cases': 0, 'active_cases': 0, 'deaths': 0, 'recovered': 0, 'death_ratio': 0, 'recovery_ratio': 0}"
Laos,LA,LAO,,19,0,0,19,0,23786,0,1,"{'total_cases': 0, 'active_cases': 0, 'deaths': 0, 'recovered': 0, 'death_ratio': 0, 'recovery_ratio': 0}"
Dominica,DM,DMA,,18,0,0,18,0,851,0,1,"{'total_cases': 0, 'active_cases': 0, 'deaths': 0, 'recovered': 0, 'death_ratio': 0, 'recovery_ratio': 0}"
Saint Kitts and Nevis,KN,KNA,,17,2,0,15,0,725,0,0.8823529411764706,"{'total_cases': 0, 'active_cases': 0, 'deaths': 0, 'recovered': 0, 'death_ratio': 0, 'recovery_ratio': 0}"
Falkland islands,FK,FLK,,13,0,0,13,0,1660,0,1,"{'total_cases': 0, 'active_cases': 0, 'deaths': 0, 'recovered': 0, 'death_ratio': 0, 'recovery_ratio': 0}"
Greenland,GL,GRL,,13,0,0,13,0,5475,0,1,"{'total_cases': 0, 'active_cases': 0, 'deaths': 0, 'recovered': 0, 'death_ratio': 0, 'recovery_ratio': 0}"
Montserrat,MS,MSR,,12,1,1,10,0,61,0.08333333333333333,0.8333333333333334,"{'total_cases': 0, 'active_cases': 0, 'deaths': 0, 'recovered': 0, 'death_ratio': 0, 'recovery_ratio': 0}"
Holy see,VA,VAT,,12,0,0,12,0,0,0,1,"{'total_cases': 0, 'active_cases': 0, 'deaths': 0, 'recovered': 0, 'death_ratio': 0, 'recovery_ratio': 0}"
Vatican city,VA,VAT,,12,0,0,12,0,0,0,1,"{'total_cases': 0, 'active_cases': 0, 'deaths': 0, 'recovered': 0, 'death_ratio': 0, 'recovery_ratio': 0}"
Caribbean Netherlands,BQ,BES,,10,3,0,7,0,424,0,0.7,"{'total_cases': 0, 'active_cases': 0, 'deaths': 0, 'recovered': 0, 'death_ratio': 0, 'recovery_ratio': 0}"
Western Sahara,EH,ESH,,10,1,1,8,0,0,0.1,0.8,"{'total_cases': 0, 'active_cases': 0, 'deaths': 0, 'recovered': 0, 'death_ratio': 0, 'recovery_ratio': 0}"
Ms Zaandam,,,,9,7,2,0,0,0,0.2222222222222222,0,"{'total_cases': 0, 'active_cases': 0, 'deaths': 0, 'recovered': 0, 'death_ratio': 0, 'recovery_ratio': 0}"
British Virgin islands,VN,VNM,,8,0,1,7,0,439,0.125,0.875,"{'total_cases': 0, 'active_cases': 0, 'deaths': 0, 'recovered': 0, 'death_ratio': 0, 'recovery_ratio': 0}"
St. Barth,BL,BLM,,6,0,0,6,0,897,0,1,"{'total_cases': 0, 'active_cases': 0, 'deaths': 0, 'recovered': 0, 'death_ratio': 0, 'recovery_ratio': 0}"
Saint Pierre Miquelon,PM,SPM,,4,3,0,1,0,0,0,0.25,"{'total_cases': 0, 'active_cases': 0, 'deaths': 0, 'recovered': 0, 'death_ratio': 0, 'recovery_ratio': 0}"
Anguilla,AI,AIA,,3,0,0,3,0,380,0,1,"{'total_cases': 0, 'active_cases': 0, 'deaths': 0, 'recovered': 0, 'death_ratio': 0, 'recovery_ratio': 0}"
